{
  "peer_a": {
    "active": false,
    "peer_name": "peer-a",
    "messages_attempted": 5849,
    "messages_sent": 31,
    "messages_received": 0,
    "send_errors": 140,
    "latencies_ms": [
      422.538,
      510.384,
      877.783,
      1337.713,
      5733.374,
      3503.313,
      8228.628,
      3796.584,
      2156.872,
      4523.416,
      2110.601,
      2615.853,
      2219.775,
      3914.499,
      1209.186,
      4148.909,
      3218.858,
      2100.066,
      847.559,
      1993.867,
      3929.852,
      2745.842,
      750.341,
      1291.946,
      1964.936,
      2800.02,
      1828.107,
      3055.234,
      5125.65,
      4263.99,
      544.41
    ],
    "mode_switches": [],
    "bytes_plaintext": 2031616,
    "bytes_ciphertext": 2033476,
    "bytes_overhead": 1860,
    "rekey_count": 5,
    "bootstrap_times_ms": [
      473.992
    ],
    "rekey_times_ms": [
      3613.55,
      2623.269,
      2312.361,
      2478.81,
      846.827
    ],
    "started_at_epoch_s": 1779591830.2978315,
    "ended_at_epoch_s": 1779591900.0266232,
    "threat_value": 0.9,
    "energy_value": 0.8,
    "configured_mode": "static-balanced",
    "active_profile": "balanced",
    "last_sequence": 5849,
    "heavy_messages": 0,
    "balanced_messages": 31,
    "lightweight_messages": 0
  },
  "peer_b": {
    "active": false,
    "peer_name": "peer-b",
    "messages_attempted": 0,
    "messages_sent": 0,
    "messages_received": 33,
    "send_errors": 0,
    "latencies_ms": [],
    "mode_switches": [],
    "bytes_plaintext": 2162688,
    "bytes_ciphertext": 2163612,
    "bytes_overhead": 1056,
    "rekey_count": 0,
    "bootstrap_times_ms": [
      371.0,
      0.608,
      0.461,
      0.11,
      0.463,
      0.451
    ],
    "rekey_times_ms": [],
    "started_at_epoch_s": 0.0,
    "ended_at_epoch_s": 0.0,
    "threat_value": 0.0,
    "energy_value": 1.0,
    "configured_mode": "static-balanced",
    "active_profile": "balanced",
    "last_sequence": 5849,
    "heavy_messages": 0,
    "balanced_messages": 0,
    "lightweight_messages": 0
  }
}